id,taxonID,nameAccordingTo,scientificName,acceptedNameUsage,acceptedNameUsageID,parentNameUsageID,kingdom,phylum,class,order,family,subfamily,genus,subgenus,specificEpithet,infraspecificEpithet,taxonRank,scientificNameAuthorship,taxonomicStatus,language,references,TaxonomicOrder_Pelham,taxonRemarks,grank,srank,SGCN,concatenate
VBS:1,VBS:1,"Pelham, J. (2025). A Catalogue of the Butterflies of the United States and Canada. Revised Oct. 2025. ",Battus philenor,Battus philenor,VBS:1,,Animalia,Arthropoda,Insecta,Lepidoptera,Papilionidae,Papilioninae,Battus,,philenor,,species,"(Linnaeus, 1771)",accepted,EN,,335,"|{conservation_status:{grank:,srank:SNA,sgcn:}}",,SNA,,"|{conservation_status:{grank:,srank:SNA,sgcn:}}"
VBS:2,VBS:2,"Pelham, J. (2025). A Catalogue of the Butterflies of the United States and Canada. Revised Oct. 2025. ",Papilio polyxenes,Papilio polyxenes,VBS:2,,Animalia,Arthropoda,Insecta,Lepidoptera,Papilionidae,Papilioninae,Papilio,Papilio,polyxenes,,species,"Fabricius, 1775",accepted,EN,,345,"|{conservation_status:{grank:,srank:S5,sgcn:}}",,S5,,"|{conservation_status:{grank:,srank:S5,sgcn:}}"
VBS:3,VBS:3,,Pterourus canadensis,Papilio canadensis,VBS:3.2,,Animalia,Arthropoda,Insecta,Lepidoptera,Papilionidae,,Pterourus,,canadensis,,species,,synonym,EN,,,"|{conservation_status:{grank:,srank:,sgcn:}}",,,,"|{conservation_status:{grank:,srank:,sgcn:}}"
VBS:3.2,VBS:3.2,"Pelham, J. (2025). A Catalogue of the Butterflies of the United States and Canada. Revised Oct. 2025. ",Papilio canadensis,Papilio canadensis,VBS:3.2,,Animalia,Arthropoda,Insecta,Lepidoptera,Papilionidae,Papilioninae,Papilio,Pterourus,canadensis,,species,"(Rothschild & Jordan, 1906)",accepted,EN,,366,"|{conservation_status:{grank:,srank:S5,sgcn:}}",,S5,,"|{conservation_status:{grank:,srank:S5,sgcn:}}"
VBS:3.1,VBS:3.1,,Pterourus solstitius,Papilio solstitius,VBS:3.3,,Animalia,Arthropoda,Insecta,Lepidoptera,Papilionidae,,Pterourus,,solstitius,,species,,synonym,EN,,,"|{conservation_status:{grank:,srank:,sgcn:}}",,,,"|{conservation_status:{grank:,srank:,sgcn:}}"
VBS:3.3,VBS:3.3,"Pelham, J. (2025). A Catalogue of the Butterflies of the United States and Canada. Revised Oct. 2025. | DeRoller, C. J., Wang, X., Dupuis, J. R., & Schmidt, B. C. (2025). A cryptic new species of tiger swallowtail (Lepidoptera, Papilionidae) from eastern North America. ZooKeys, 1228, 69-97.",Papilio solstitius,Papilio solstitius,VBS:3.3,,Animalia,Arthropoda,Insecta,Lepidoptera,Papilionidae,Papilioninae,Papilio,Pterourus,solstitius,,species,"DeRoller, Wang, Dupuis & Schmidt, 2025",accepted,EN,,369,"|{conservation_status:{grank:,srank:S5,sgcn:}}",,S5,,"|{conservation_status:{grank:,srank:S5,sgcn:}}"
VBS:4,VBS:4,,Pterourus glaucus,Papilio glaucus,VBS:4.1,,Animalia,Arthropoda,Insecta,Lepidoptera,Papilionidae,,Pterourus,,glaucus,,species,,synonym,EN,,,"|{conservation_status:{grank:,srank:,sgcn:}}",,,,"|{conservation_status:{grank:,srank:,sgcn:}}"
VBS:4.1,VBS:4.1,"Pelham, J. (2025). A Catalogue of the Butterflies of the United States and Canada. Revised Oct. 2025. ",Papilio glaucus,Papilio glaucus,VBS:4.1,,Animalia,Arthropoda,Insecta,Lepidoptera,Papilionidae,Papilioninae,Papilio,Pterourus,glaucus,,species,"(Linnaeus, 1758)",accepted,EN,,364,"|{conservation_status:{grank:,srank:S3,sgcn:}}",,S3,,"|{conservation_status:{grank:,srank:S3,sgcn:}}"
VBS:5,VBS:5,,Pterourus troilus,Papilio troilus,VBS:5.1,,Animalia,Arthropoda,Insecta,Lepidoptera,Papilionidae,,Pterourus,,troilus,,species,,synonym,EN,,,"|{conservation_status:{grank:,srank:,sgcn:}}",,,,"|{conservation_status:{grank:,srank:,sgcn:}}"
VBS:5.1,VBS:5.1,"Pelham, J. (2025). A Catalogue of the Butterflies of the United States and Canada. Revised Oct. 2025. ",Papilio troilus,Papilio troilus,VBS:5.1,,Animalia,Arthropoda,Insecta,Lepidoptera,Papilionidae,Papilioninae,Papilio,Pterourus,troilus,,species,"(Linnaeus, 1758)",accepted,EN,,359,"|{conservation_status:{grank:,srank:S1,sgcn:}}",,S1,,"|{conservation_status:{grank:,srank:S1,sgcn:}}"
VBS:6,VBS:6,,Heraclides cresphontes,Papilio cresphontes,VBS:6.1,,Animalia,Arthropoda,Insecta,Lepidoptera,Papilionidae,,Heraclides,,cresphontes,,species,,synonym,EN,,,"|{conservation_status:{grank:,srank:,sgcn:}}",,,,"|{conservation_status:{grank:,srank:,sgcn:}}"
VBS:6.1,VBS:6.1,"Pelham, J. (2025). A Catalogue of the Butterflies of the United States and Canada. Revised Oct. 2025. ",Papilio cresphontes,Papilio cresphontes,VBS:6.1,,Animalia,Arthropoda,Insecta,Lepidoptera,Papilionidae,Papilioninae,Papilio,Heraclides,cresphontes,,species,"(Cramer, 1777)",accepted,EN,,352,"|{conservation_status:{grank:,srank:S5,sgcn:}}",,S5,,"|{conservation_status:{grank:,srank:S5,sgcn:}}"
VBS:7,VBS:7,,Pyrisitia lisa,Eurema lisa,VBS:7.1,,Animalia,Arthropoda,Insecta,Lepidoptera,Pieridae,,Pyrisitia,,lisa,,species,,synonym,EN,,,"|{conservation_status:{grank:,srank:,sgcn:}}",,,,"|{conservation_status:{grank:,srank:,sgcn:}}"
VBS:7.1,VBS:7.1,"Pelham, J. (2025). A Catalogue of the Butterflies of the United States and Canada. Revised Oct. 2025. | Leong, J.V. et al. (2025), Around the World in 26 Million Years: Diversification and Biogeography of Pantropical Grass-Yellow Eurema Butterflies (Pieridae: Coliadinae). J Biogeogr, 52: e15107. https://doi.org/10.1111/jbi.15107",Eurema lisa,Eurema lisa,VBS:7.1,,Animalia,Arthropoda,Insecta,Lepidoptera,Pieridae,Coliadinae,Eurema,Eurema,lisa,,species,"(Boisduval & Le Conte, [1830])",accepted,EN,,376,"|{conservation_status:{grank:,srank:SNA,sgcn:}}",,SNA,,"|{conservation_status:{grank:,srank:SNA,sgcn:}}"
VBS:8,VBS:8,"Pelham, J. (2025). A Catalogue of the Butterflies of the United States and Canada. Revised Oct. 2025. ",Colias philodice,Colias philodice,VBS:8,,Animalia,Arthropoda,Insecta,Lepidoptera,Pieridae,Coliadinae,Colias,,philodice,,species,"Godart, 1819",accepted,EN,,401,"|{conservation_status:{grank:,srank:S5,sgcn:}}",,S5,,"|{conservation_status:{grank:,srank:S5,sgcn:}}"
VBS:9,VBS:9,"Pelham, J. (2025). A Catalogue of the Butterflies of the United States and Canada. Revised Oct. 2025. ",Colias eurytheme,Colias eurytheme,VBS:9,,Animalia,Arthropoda,Insecta,Lepidoptera,Pieridae,Coliadinae,Colias,,eurytheme,,species,"Boisduval, 1832",accepted,EN,,402,"|{conservation_status:{grank:,srank:S5,sgcn:}}",,S5,,"|{conservation_status:{grank:,srank:S5,sgcn:}}"
VBS:10,VBS:10,"Pelham, J. (2025). A Catalogue of the Butterflies of the United States and Canada. Revised Oct. 2025. ",Colias interior,Colias interior,VBS:10,,Animalia,Arthropoda,Insecta,Lepidoptera,Pieridae,Coliadinae,Colias,,interior,,species,"Scudder, 1862",accepted,EN,,403,"|{conservation_status:{grank:,srank:S3,sgcn:}}",,S3,,"|{conservation_status:{grank:,srank:S3,sgcn:}}"
VBS:10.1,VBS:10.1,"Pelham, J. (2025). A Catalogue of the Butterflies of the United States and Canada. Revised Oct. 2025. ",Phoebis sennae,Phoebis sennae,VBS:10.1,,Animalia,Arthropoda,Insecta,Lepidoptera,Pieridae,Coliadinae,Phoebis,,sennae,,species,"Linnaeus, 1758",accepted,EN,https://www.e-butterfly.org/ebapp/en/checklists/view/109860,412,"|{conservation_status:{grank:,srank:SNR,sgcn:}}",,SNR,,"|{conservation_status:{grank:,srank:SNR,sgcn:}}"
VBS:11,VBS:11,"Pelham, J. (2025). A Catalogue of the Butterflies of the United States and Canada. Revised Oct. 2025. ",Pieris oleracea,Pieris oleracea,VBS:11,,Animalia,Arthropoda,Insecta,Lepidoptera,Pieridae,Pierinae,Pieris,,oleracea,,species,"(T. Harris, 1829)",accepted,EN,,451,"|{conservation_status:{grank:,srank:S4,sgcn:}}",,S4,,"|{conservation_status:{grank:,srank:S4,sgcn:}}"
VBS:12,VBS:12,"Pelham, J. (2025). A Catalogue of the Butterflies of the United States and Canada. Revised Oct. 2025. ",Pieris virginiensis,Pieris virginiensis,VBS:12,,Animalia,Arthropoda,Insecta,Lepidoptera,Pieridae,Pierinae,Pieris,,virginiensis,,species,"W. H. Edwards, 1870",accepted,EN,,452,"|{conservation_status:{grank:G4,srank:S3,sgcn:1}}",G4,S3,1,"|{conservation_status:{grank:G4,srank:S3,sgcn:1}}"
VBS:13,VBS:13,"Pelham, J. (2025). A Catalogue of the Butterflies of the United States and Canada. Revised Oct. 2025. ",Pieris rapae,Pieris rapae,VBS:13,,Animalia,Arthropoda,Insecta,Lepidoptera,Pieridae,Pierinae,Pieris,,rapae,,species,"(Linnaeus, 1758)",accepted,EN,,448,"|{conservation_status:{grank:,srank:SNA,sgcn:}}",,SNA,,"|{conservation_status:{grank:,srank:SNA,sgcn:}}"
VBS:14,VBS:14,"Pelham, J. (2025). A Catalogue of the Butterflies of the United States and Canada. Revised Oct. 2025. ",Feniseca tarquinius,Feniseca tarquinius,VBS:14,,Animalia,Arthropoda,Insecta,Lepidoptera,Lycaenidae,Miletinae,Feniseca,,tarquinius,,species,"(Fabricius, 1793)",accepted,EN,,453,"|{conservation_status:{grank:,srank:S4,sgcn:}}",,S4,,"|{conservation_status:{grank:,srank:S4,sgcn:}}"
VBS:15,VBS:15,,Lycaena phlaeas,Lycaena hypophlaeas,VBS:15.1,,Animalia,Arthropoda,Insecta,Lepidoptera,Lycaenidae,,Lycaena,,phlaeas,,species,,synonym,EN,,,"|{conservation_status:{grank:,srank:,sgcn:}}",,,,"|{conservation_status:{grank:,srank:,sgcn:}}"
VBS:15.1,VBS:15.1,"Pelham, J. (2025). A Catalogue of the Butterflies of the United States and Canada. Revised Oct. 2025. ",Lycaena hypophlaeas,Lycaena hypophlaeas,VBS:15.1,,Animalia,Arthropoda,Insecta,Lepidoptera,Lycaenidae,Lycaeninae,Lycaena,,hypophlaeas,,species,"(Boisduval, 1852)",accepted,EN,,454,"|{conservation_status:{grank:,srank:S5,sgcn:}}",,S5,,"|{conservation_status:{grank:,srank:S5,sgcn:}}"
VBS:16,VBS:16,,Lycaena hyllus,Tharsalea hyllus,VBS:16.1,,Animalia,Arthropoda,Insecta,Lepidoptera,Lycaenidae,,Lycaena,,hyllus,,species,,synonym,EN,,,"|{conservation_status:{grank:,srank:,sgcn:}}",,,,"|{conservation_status:{grank:,srank:,sgcn:}}"
VBS:16.1,VBS:16.1,"Pelham, J. (2025). A Catalogue of the Butterflies of the United States and Canada. Revised Oct. 2025. ",Tharsalea hyllus,Tharsalea hyllus,VBS:16.1,,Animalia,Arthropoda,Insecta,Lepidoptera,Lycaenidae,Lycaeninae,Tharsalea,Epidemia,hyllus,,species,"(Cramer, 1775)",accepted,EN,,456,"|{conservation_status:{grank:,srank:S5,sgcn:}}",,S5,,"|{conservation_status:{grank:,srank:S5,sgcn:}}"
VBS:17,VBS:17,,Lycaena epixanthe,Tharsalea epixanthe,VBS:17.1,,Animalia,Arthropoda,Insecta,Lepidoptera,Lycaenidae,,Lycaena,,epixanthe,,species,,synonym,EN,,,"|{conservation_status:{grank:,srank:,sgcn:}}",,,,"|{conservation_status:{grank:,srank:,sgcn:}}"
VBS:17.1,VBS:17.1,"Pelham, J. (2025). A Catalogue of the Butterflies of the United States and Canada. Revised Oct. 2025. ",Tharsalea epixanthe,Tharsalea epixanthe,VBS:17.1,,Animalia,Arthropoda,Insecta,Lepidoptera,Lycaenidae,Lycaeninae,Tharsalea,,epixanthe,,species,"(Boisduval & Le Conte,1835)",accepted,EN,,459,"|{conservation_status:{grank:G4,srank:S2,sgcn:1}}",G4,S2,1,"|{conservation_status:{grank:G4,srank:S2,sgcn:1}}"
VBS:18,VBS:18,"Pelham, J. (2025). A Catalogue of the Butterflies of the United States and Canada. Revised Oct. 2025. ",Satyrium acadica,Satyrium acadica,VBS:18,,Animalia,Arthropoda,Insecta,Lepidoptera,Lycaenidae,Theclinae,Satyrium,Satyrium,acadica,,species,"(W. H. Edwards, 1862)",accepted,EN,,520,"|{conservation_status:{grank:,srank:S5,sgcn:}}",,S5,,"|{conservation_status:{grank:,srank:S5,sgcn:}}"
VBS:19,VBS:19,"Pelham, J. (2025). A Catalogue of the Butterflies of the United States and Canada. Revised Oct. 2025. ",Satyrium titus,Satyrium titus,VBS:19,,Animalia,Arthropoda,Insecta,Lepidoptera,Lycaenidae,Theclinae,Satyrium,,titus,,species,"(Fabricius, 1793)",accepted,EN,,509,"|{conservation_status:{grank:,srank:S5,sgcn:}}",,S5,,"|{conservation_status:{grank:,srank:S5,sgcn:}}"
VBS:131,VBS:131,,Harkenclenus titus,Satyrium titus,VBS:19,,Animalia,Arthropoda,Insecta,Lepidoptera,Lycaenidae,,Harkenclenus,,titus,,species,,invalid,EN,,,"|{conservation_status:{grank:,srank:,sgcn:}}",,,,"|{conservation_status:{grank:,srank:,sgcn:}}"
VBS:20,VBS:20,"Pelham, J. (2025). A Catalogue of the Butterflies of the United States and Canada. Revised Oct. 2025. ",Satyrium calanus,Satyrium calanus,VBS:20,,Animalia,Arthropoda,Insecta,Lepidoptera,Lycaenidae,Theclinae,Satyrium,,calanus,,species,"(Hübner, [1809])",accepted,EN,,518,"|{conservation_status:{grank:,srank:S5,sgcn:}}",,S5,,"|{conservation_status:{grank:,srank:S5,sgcn:}}"
VBS:21,VBS:21,"Pelham, J. (2025). A Catalogue of the Butterflies of the United States and Canada. Revised Oct. 2025. ",Satyrium caryaevorus,Satyrium caryaevorus,VBS:21,,Animalia,Arthropoda,Insecta,Lepidoptera,Lycaenidae,Theclinae,Satyrium,,caryaevorus,,species,"(McDunnough, 1942)",accepted,EN,,517,"|{conservation_status:{grank:,srank:S3,sgcn:}}",,S3,,"|{conservation_status:{grank:,srank:S3,sgcn:}}"
VBS:135,VBS:135,,Strymon caryaevorus,Strymon caryaevorus,VBS:21,,Animalia,Arthropoda,Insecta,Lepidoptera,Lycaenidae,,Strymon,,caryaevorus,,species,,invalid,EN,,,"|{conservation_status:{grank:,srank:,sgcn:}}",,,,"|{conservation_status:{grank:,srank:,sgcn:}}"
VBS:21.1,VBS:21.1,"Pelham, J. (2025). A Catalogue of the Butterflies of the United States and Canada. Revised Oct. 2025. ",Satyrium edwardsii ,Satyrium edwardsii ,VBS:21.1,,Animalia,Arthropoda,Insecta,Lepidoptera,Lycaenidae,Theclinae,Satyrium,,edwardsii,,species,"(Grote and Robinson, 1867)",accepted,EN,,519,"|{conservation_status:{grank:G4,srank:S1,sgcn:1}}",G4,S1,1,"|{conservation_status:{grank:G4,srank:S1,sgcn:1}}"
VBS:22,VBS:22,"Pelham, J. (2025). A Catalogue of the Butterflies of the United States and Canada. Revised Oct. 2025. ",Satyrium liparops,Satyrium liparops,VBS:22,,Animalia,Arthropoda,Insecta,Lepidoptera,Lycaenidae,Theclinae,Satyrium,,liparops,,species,"(Le Conte, 1833)",accepted,EN,,516,"|{conservation_status:{grank:,srank:S5,sgcn:}}",,S5,,"|{conservation_status:{grank:,srank:S5,sgcn:}}"
VBS:22.1,VBS:22.1,"Pelham, J. (2025). A Catalogue of the Butterflies of the United States and Canada. Revised Oct. 2025. ",Satyrium favonius ontario,Satyrium favonius ontario,VBS:22.1,VBS:22.2,Animalia,Arthropoda,Insecta,Lepidoptera,Lycaenidae,Theclinae,Satyrium,,favonius,ontario,subspecies,"(W. H. Edwards, 1868)",accepted,EN,https://www.e-butterfly.org/ebapp/en/checklists/view/117328,,"|{conservation_status:{grank:,srank:SNA,sgcn:}}",,SNA,,"|{conservation_status:{grank:,srank:SNA,sgcn:}}"
VBS:22.2,VBS:22.2,"Pelham, J. (2025). A Catalogue of the Butterflies of the United States and Canada. Revised Oct. 2025. ",Satyrium favonius,Satyrium favonius,VBS:22.2,,Animalia,Arthropoda,Insecta,Lepidoptera,Lycaenidae,Theclinae,Satyrium,,favonius,,species,"(J.E. Smith, 1797)",accepted,EN,https://www.e-butterfly.org/ebapp/en/checklists/view/117328,512,"|{conservation_status:{grank:,srank:SNA,sgcn:}}",,SNA,,"|{conservation_status:{grank:,srank:SNA,sgcn:}}"
VBS:23,VBS:23,"Pelham, J. (2025). A Catalogue of the Butterflies of the United States and Canada. Revised Oct. 2025. ",Callophrys gryneus,Callophrys gryneus,VBS:23,,Animalia,Arthropoda,Insecta,Lepidoptera,Lycaenidae,Theclinae,Callophrys,,gryneus,,species,"(Hübner, [1819])",accepted,EN,,481,"|{conservation_status:{grank:G5,srank:S3,sgcn:1}}",G5,S3,1,"|{conservation_status:{grank:G5,srank:S3,sgcn:1}}"
VBS:24,VBS:24,"Pelham, J. (2025). A Catalogue of the Butterflies of the United States and Canada. Revised Oct. 2025. ",Callophrys augustinus,Callophrys augustinus,VBS:24,,Animalia,Arthropoda,Insecta,Lepidoptera,Lycaenidae,Theclinae,Callophrys,,augustinus,,species,"(Westwood, 1852)",accepted,EN,,494,"|{conservation_status:{grank:,srank:S3,sgcn:}}",,S3,,"|{conservation_status:{grank:,srank:S3,sgcn:}}"
VBS:25,VBS:25,"Pelham, J. (2025). A Catalogue of the Butterflies of the United States and Canada. Revised Oct. 2025. ",Callophrys irus,Callophrys irus,VBS:25,,Animalia,Arthropoda,Insecta,Lepidoptera,Lycaenidae,Theclinae,Callophrys,,irus,,species,"(Godart, [1824])",accepted,EN,,489,"|{conservation_status:{grank:,srank:S1,sgcn:}}",,S1,,"|{conservation_status:{grank:,srank:S1,sgcn:}}"
VBS:26,VBS:26,"Pelham, J. (2025). A Catalogue of the Butterflies of the United States and Canada. Revised Oct. 2025. ",Callophrys henrici,Callophrys henrici,VBS:26,,Animalia,Arthropoda,Insecta,Lepidoptera,Lycaenidae,Theclinae,Callophrys,,henrici,,species,"(Grote & Robinson, 1867)",accepted,EN,,490,"|{conservation_status:{grank:,srank:SU,sgcn:}}",,SU,,"|{conservation_status:{grank:,srank:SU,sgcn:}}"
VBS:26.1,VBS:26.1,"Pelham, J. (2025). A Catalogue of the Butterflies of the United States and Canada. Revised Oct. 2025. ",Callophrys lanoraieensis ,Callophrys lanoraieensis ,VBS:26.1,,Animalia,Arthropoda,Insecta,Lepidoptera,Lycaenidae,Theclinae,Callophrys,,lanoraieensis,,species,"(Sheppard, 1934)",accepted,EN,https://www.e-butterfly.org/ebapp/en/checklists/view/124294,488,"|{conservation_status:{grank:G4,srank:S1,sgcn:1}}",G4,S1,1,"|{conservation_status:{grank:G4,srank:S1,sgcn:1}}"
VBS:27,VBS:27,"Pelham, J. (2025). A Catalogue of the Butterflies of the United States and Canada. Revised Oct. 2025. ",Callophrys niphon,Callophrys niphon,VBS:27,,Animalia,Arthropoda,Insecta,Lepidoptera,Lycaenidae,Theclinae,Callophrys,,niphon,,species,"(Hübner, [1819])",accepted,EN,,487,"|{conservation_status:{grank:,srank:S5,sgcn:}}",,S5,,"|{conservation_status:{grank:,srank:S5,sgcn:}}"
VBS:122,VBS:122,,Incisalia niphon,Callophrys niphon,VBS:27,,Animalia,Arthropoda,Insecta,Lepidoptera,Lycaenidae,,Incisalia,,niphon,,species,,synonym,EN,,,"|{conservation_status:{grank:,srank:,sgcn:}}",,,,"|{conservation_status:{grank:,srank:,sgcn:}}"
VBS:28,VBS:28,"Pelham, J. (2025). A Catalogue of the Butterflies of the United States and Canada. Revised Oct. 2025. ",Strymon melinus,Strymon melinus,VBS:28,,Animalia,Arthropoda,Insecta,Lepidoptera,Lycaenidae,Theclinae,Strymon,,melinus,,species,"Hübner, 1818",accepted,EN,,539,"|{conservation_status:{grank:,srank:S2S3,sgcn:}}",,S2S3,,"|{conservation_status:{grank:,srank:S2S3,sgcn:}}"
VBS:28.5,VBS:28.5,"Pelham, J. (2025). A Catalogue of the Butterflies of the United States and Canada. Revised Oct. 2025. ",Calycopis cecrops,Calycopis cecrops,VBS:28.5,,Animalia,Arthropoda,Insecta,Lepidoptera,Lycaenidae,Theclinae,Calycopis,,cecrops,,species,"(Fabricius, 1793)",accepted,EN,https://www.e-butterfly.org/ebapp/en/checklists/view/150499,556,"|{conservation_status:{grank:,srank:SNA,sgcn:}}",,SNA,,"|{conservation_status:{grank:,srank:SNA,sgcn:}}"
VBS:29,VBS:29,"Pelham, J. (2025). A Catalogue of the Butterflies of the United States and Canada. Revised Oct. 2025. ",Parrhasius m-album,Parrhasius m-album,VBS:29,,Animalia,Arthropoda,Insecta,Lepidoptera,Lycaenidae,Theclinae,Parrhasius,,m-album,,species,"(Boisduval & Le Conte, [1833]) (1793)",accepted,EN,,564,"|{conservation_status:{grank:,srank:SNA,sgcn:}}",,SNA,,"|{conservation_status:{grank:,srank:SNA,sgcn:}}"
VBS:30,VBS:30,"Pelham, J. (2025). A Catalogue of the Butterflies of the United States and Canada. Revised Oct. 2025. ",Erora laeta,Erora laeta,VBS:30,,Animalia,Arthropoda,Insecta,Lepidoptera,Lycaenidae,Theclinae,Erora,,laeta,,species,"(W. H. Edwards, 1862)",accepted,EN,,504,"|{conservation_status:{grank:G2,srank:S2,sgcn:1}}",G2,S2,1,"|{conservation_status:{grank:G2,srank:S2,sgcn:1}}"
VBS:31,VBS:31,"Pelham, J. (2025). A Catalogue of the Butterflies of the United States and Canada. Revised Oct. 2025. ",Cupido comyntas,Cupido comyntas,VBS:31,,Animalia,Arthropoda,Insecta,Lepidoptera,Lycaenidae,Polyommatinae,Cupido,Everes,comyntas,,species,"(Godart, [1824])",accepted,EN,,611,"|{conservation_status:{grank:,srank:S5,sgcn:}}",,S5,,"|{conservation_status:{grank:,srank:S5,sgcn:}}"
VBS:124,VBS:124,,Elkalyce comyntas,Cupido comyntas,VBS:31,,Animalia,Arthropoda,Insecta,Lepidoptera,Lycaenidae,,Elkalyce,,comyntas,,species,,invalid,EN,,,"|{conservation_status:{grank:,srank:,sgcn:}}",,,,"|{conservation_status:{grank:,srank:,sgcn:}}"
VBS:32,VBS:32,"Pelham, J. (2025). A Catalogue of the Butterflies of the United States and Canada. Revised Oct. 2025. ",Celastrina lucia,Celastrina lucia,VBS:32,,Animalia,Arthropoda,Insecta,Lepidoptera,Lycaenidae,Polyommatinae,Celastrina,,lucia,,species,"(W. Kirby, 1837)",accepted,EN,,600,"|{conservation_status:{grank:,srank:S5,sgcn:}}",,S5,,"|{conservation_status:{grank:,srank:S5,sgcn:}}"
VBS:33,VBS:33,"Pelham, J. (2025). A Catalogue of the Butterflies of the United States and Canada. Revised Oct. 2025. ",Celastrina serotina,Celastrina serotina,VBS:33,,Animalia,Arthropoda,Insecta,Lepidoptera,Lycaenidae,Polyommatinae,Celastrina,,serotina,,species,"Pavulaan & D. Wright, 2005",accepted,EN,,606,"|{conservation_status:{grank:,srank:S4,sgcn:}}",,S4,,"|{conservation_status:{grank:,srank:S4,sgcn:}}"
VBS:34,VBS:34,"Pelham, J. (2025). A Catalogue of the Butterflies of the United States and Canada. Revised Oct. 2025. ",Celastrina neglecta,Celastrina neglecta,VBS:34,,Animalia,Arthropoda,Insecta,Lepidoptera,Lycaenidae,Polyommatinae,Celastrina,,neglecta,,species,"(W. H. Edwards, 1862)",accepted,EN,,607,"|{conservation_status:{grank:,srank:S5,sgcn:}}",,S5,,"|{conservation_status:{grank:,srank:S5,sgcn:}}"
VBS:128,VBS:128,,Cyaniris neglecta,Celastrina neglecta,VBS:34,,Animalia,Arthropoda,Insecta,Lepidoptera,Lycaenidae,,Cyaniris,,neglecta,,species,,invalid,EN,,,"|{conservation_status:{grank:,srank:,sgcn:}}",,,,"|{conservation_status:{grank:,srank:,sgcn:}}"
VBS:35,VBS:35,"Pelham, J. (2025). A Catalogue of the Butterflies of the United States and Canada. Revised Oct. 2025. ",Glaucopsyche lygdamus,Glaucopsyche lygdamus,VBS:35,,Animalia,Arthropoda,Insecta,Lepidoptera,Lycaenidae,Polyommatinae,Glaucopsyche,Glaucopsyche,lygdamus,,species,"(E. Doubleday, 1841)",accepted,EN,,598,"|{conservation_status:{grank:,srank:S5,sgcn:}}",,S5,,"|{conservation_status:{grank:,srank:S5,sgcn:}}"
VBS:36,VBS:36,"Pelham, J. (2025). A Catalogue of the Butterflies of the United States and Canada. Revised Oct. 2025. ",Polyommatus icarus,Polyommatus icarus,VBS:36,,Animalia,Arthropoda,Insecta,Lepidoptera,Lycaenidae,Polyommatinae,Polyommatus,,icarus,,species,"(Rottemburg, 1775)",accepted,EN,https://www.inaturalist.org/observations/64517227,636,"|{conservation_status:{grank:,srank:SNA,sgcn:}}",,SNA,,"|{conservation_status:{grank:,srank:SNA,sgcn:}}"
VBS:37,VBS:37,"Pelham, J. (2025). A Catalogue of the Butterflies of the United States and Canada. Revised Oct. 2025. ",Libytheana carinenta,Libytheana carinenta,VBS:37,,Animalia,Arthropoda,Insecta,Lepidoptera,Nymphalidae,Libytheinae,Libytheana,,carinenta,,species,"(Cramer, 1779)",accepted,EN,,666,"|{conservation_status:{grank:,srank:SNA,sgcn:}}",,SNA,,"|{conservation_status:{grank:,srank:SNA,sgcn:}}"
VBS:38,VBS:38,"Pelham, J. (2025). A Catalogue of the Butterflies of the United States and Canada. Revised Oct. 2025. ",Danaus plexippus,Danaus plexippus,VBS:38,,Animalia,Arthropoda,Insecta,Lepidoptera,Nymphalidae,Danainae ,Danaus,,plexippus,,species,"(Linnaeus, 1758)",accepted,EN,,670,"|{conservation_status:{grank:G4,srank:S1S3B,sgcn:1}}",G4,S1S3B,1,"|{conservation_status:{grank:G4,srank:S1S3B,sgcn:1}}"
VBS:39,VBS:39,,Agraulis vanillae,Dione incarnata,VBS:39.1,,Animalia,Arthropoda,Insecta,Lepidoptera,Nymphalidae,,Agraulis,,vanillae,,species,"Linnaeus, 1758",invalid,EN,,,"|{conservation_status:{grank:,srank:,sgcn:}}",,,,"|{conservation_status:{grank:,srank:,sgcn:}}"
VBS:39.1,VBS:39.1,"Pelham, J. (2025). A Catalogue of the Butterflies of the United States and Canada. Revised Oct. 2025. ",Dione incarnata,Dione incarnata,VBS:39.1,,Animalia,Arthropoda,Insecta,Lepidoptera,Nymphalidae,Heliconiinae,Dione,Agraulis,incarnata,,species,"N. Riley, 1926",accepted,EN,,679,"|{conservation_status:{grank:,srank:SNA,sgcn:}}",,SNA,,"|{conservation_status:{grank:,srank:SNA,sgcn:}}"
VBS:39.2,VBS:39.2,,Dione vanillae,Dione incarnata,VBS:39.1,,Animalia,Arthropoda,Insecta,Lepidoptera,Nymphalidae,,Dione,,vanillae,,species,"Linnaeus, 1758",misapplied,EN,,,"|{conservation_status:{grank:,srank:,sgcn:}}",,,,"|{conservation_status:{grank:,srank:,sgcn:}}"
VBS:40,VBS:40,"Pelham, J. (2025). A Catalogue of the Butterflies of the United States and Canada. Revised Oct. 2025. ",Euptoieta claudia,Euptoieta claudia,VBS:40,,Animalia,Arthropoda,Insecta,Lepidoptera,Nymphalidae,Heliconiinae,Euptoieta,,claudia,,species,"(Cramer, 1775)",accepted,EN,,682,"|{conservation_status:{grank:,srank:SNA,sgcn:}}",,SNA,,"|{conservation_status:{grank:,srank:SNA,sgcn:}}"
VBS:41,VBS:41,,Boloria selene,Boloria myrina,VBS:41.1,,Animalia,Arthropoda,Insecta,Lepidoptera,Nymphalidae,,Boloria,,selene,,species,"Schiffermüller,1775",synonym,EN,,,"|{conservation_status:{grank:,srank:,sgcn:}}",,,,"|{conservation_status:{grank:,srank:,sgcn:}}"
VBS:41.1,VBS:41.1,"Pelham, J. (2025). A Catalogue of the Butterflies of the United States and Canada. Revised Oct. 2025. ",Boloria myrina,Boloria myrina,VBS:41.1,,Animalia,Arthropoda,Insecta,Lepidoptera,Nymphalidae,Heliconiinae,Boloria,Clossiana,myrina,,species,"(Cramer, 1777)",accepted,EN,,694,"|{conservation_status:{grank:,srank:S5,sgcn:}}",,S5,,"|{conservation_status:{grank:,srank:S5,sgcn:}}"
VBS:42,VBS:42,"Pelham, J. (2025). A Catalogue of the Butterflies of the United States and Canada. Revised Oct. 2025. ",Boloria bellona,Boloria bellona,VBS:42,,Animalia,Arthropoda,Insecta,Lepidoptera,Nymphalidae,Heliconiinae,Boloria,Clossiana,bellona,,species,"(Fabricius, 1775)",accepted,EN,,692,"|{conservation_status:{grank:,srank:S5,sgcn:}}",,S5,,"|{conservation_status:{grank:,srank:S5,sgcn:}}"
VBS:117,VBS:117,,Clossiana toddi,Boloria bellona,VBS:42,,Animalia,Arthropoda,Insecta,Lepidoptera,Nymphalidae,,Clossiana,,toddi,,species,,invalid,EN,,,"|{conservation_status:{grank:,srank:,sgcn:}}",,,,"|{conservation_status:{grank:,srank:,sgcn:}}"
VBS:43,VBS:43,"Pelham, J. (2025). A Catalogue of the Butterflies of the United States and Canada. Revised Oct. 2025. ",Speyeria cybele,Speyeria cybele,VBS:43,,Animalia,Arthropoda,Insecta,Lepidoptera,Nymphalidae,Heliconiinae,Speyeria,Speyeria,cybele,,species,"(Fabricius, 1775)",accepted,EN,,701,"|{conservation_status:{grank:,srank:S5,sgcn:}}",,S5,,"|{conservation_status:{grank:,srank:S5,sgcn:}}"
VBS:43.1,VBS:43.1,,Argynnis cybele,Speyeria cybele,VBS:43,,Animalia,Arthropoda,Insecta,Lepidoptera,Nymphalidae,,Argynnis,,cybele,,species,,synonym,EN,,,"|{conservation_status:{grank:,srank:,sgcn:}}",,,,"|{conservation_status:{grank:,srank:,sgcn:}}"
VBS:44,VBS:44,"Pelham, J. (2025). A Catalogue of the Butterflies of the United States and Canada. Revised Oct. 2025. ",Speyeria aphrodite,Speyeria aphrodite,VBS:44,,Animalia,Arthropoda,Insecta,Lepidoptera,Nymphalidae,Heliconiinae,Speyeria,Speyeria,aphrodite,,species,"(Fabricius, 1787)",accepted,EN,,702,"|{conservation_status:{grank:,srank:S5,sgcn:}}",,S5,,"|{conservation_status:{grank:,srank:S5,sgcn:}}"
VBS:44.1,VBS:44.1,,Argynnis aphrodite,Speyeria aphrodite,VBS:44,,Animalia,Arthropoda,Insecta,Lepidoptera,Nymphalidae,,Argynnis,,aphrodite,,species,,synonym,EN,,,"|{conservation_status:{grank:,srank:,sgcn:}}",,,,"|{conservation_status:{grank:,srank:,sgcn:}}"
VBS:45,VBS:45,"Pelham, J. (2025). A Catalogue of the Butterflies of the United States and Canada. Revised Oct. 2025. ",Speyeria idalia,Speyeria idalia,VBS:45,,Animalia,Arthropoda,Insecta,Lepidoptera,Nymphalidae,Heliconiinae,Speyeria,Speyeria,idalia,,species,"(Drury, 1773)",accepted,EN,,698,"|{conservation_status:{grank:,srank:SX,sgcn:}}",,SX,,"|{conservation_status:{grank:,srank:SX,sgcn:}}"
VBS:45.1,VBS:45.1,,Argynnis idalia,Speyeria idalia,VBS:45,,Animalia,Arthropoda,Insecta,Lepidoptera,Nymphalidae,,Argynnis,,idalia,,species,,synonym,EN,,,"|{conservation_status:{grank:,srank:,sgcn:}}",,,,"|{conservation_status:{grank:,srank:,sgcn:}}"
VBS:46,VBS:46,"Pelham, J. (2025). A Catalogue of the Butterflies of the United States and Canada. Revised Oct. 2025. ",Speyeria atlantis,Speyeria atlantis,VBS:46,,Animalia,Arthropoda,Insecta,Lepidoptera,Nymphalidae,Heliconiinae,Speyeria,Speyeria,atlantis,,species,"(W. H. Edwards, 1862)",accepted,EN,,709,"|{conservation_status:{grank:,srank:S5,sgcn:}}",,S5,,"|{conservation_status:{grank:,srank:S5,sgcn:}}"
VBS:46.1,VBS:46.1,,Argynnis atlantis,Speyeria atlantis,VBS:46,,Animalia,Arthropoda,Insecta,Lepidoptera,Nymphalidae,,Argynnis,,atlantis,,species,,synonym,EN,,,"|{conservation_status:{grank:,srank:,sgcn:}}",,,,"|{conservation_status:{grank:,srank:,sgcn:}}"
VBS:47,VBS:47,"Pelham, J. (2025). A Catalogue of the Butterflies of the United States and Canada. Revised Oct. 2025. ",Limenitis arthemis,Limenitis arthemis,VBS:47,,Animalia,Arthropoda,Insecta,Lepidoptera,Nymphalidae,Limenitidinae,Limenitis,,arthemis,,species,"(Drury, 1773)",accepted,EN,,716,"|{conservation_status:{grank:,srank:S5,sgcn:}}",,S5,,"|{conservation_status:{grank:,srank:S5,sgcn:}}"
VBS:48,VBS:48,"Pelham, J. (2025). A Catalogue of the Butterflies of the United States and Canada. Revised Oct. 2025. ",Limenitis arthemis arthemis,Limenitis arthemis arthemis,VBS:48,VBS:47,Animalia,Arthropoda,Insecta,Lepidoptera,Nymphalidae,Limenitidinae,Limenitis,,arthemis,arthemis,subspecies,"(Drury, 1773)",accepted,EN,,716.2,"|{conservation_status:{grank:,srank:,sgcn:}}",,,,"|{conservation_status:{grank:,srank:,sgcn:}}"
VBS:49,VBS:49,"Pelham, J. (2025). A Catalogue of the Butterflies of the United States and Canada. Revised Oct. 2025. ",Limenitis arthemis astyanax,Limenitis arthemis astyanax,VBS:49,VBS:47,Animalia,Arthropoda,Insecta,Lepidoptera,Nymphalidae,Limenitidinae,Limenitis,,arthemis,astyanax,subspecies,"(Fabricius, 1775)",accepted,EN,,716.3,"|{conservation_status:{grank:,srank:,sgcn:}}",,,,"|{conservation_status:{grank:,srank:,sgcn:}}"
VBS:50,VBS:50,"Pelham, J. (2025). A Catalogue of the Butterflies of the United States and Canada. Revised Oct. 2025. ",Limenitis archippus,Limenitis archippus,VBS:50,,Animalia,Arthropoda,Insecta,Lepidoptera,Nymphalidae,Limenitidinae,Limenitis,,archippus,,species,"(Cramer, 1775)",accepted,EN,,715,"|{conservation_status:{grank:,srank:S5,sgcn:}}",,S5,,"|{conservation_status:{grank:,srank:S5,sgcn:}}"
VBS:51,VBS:51,"Pelham, J. (2025). A Catalogue of the Butterflies of the United States and Canada. Revised Oct. 2025. ",Asterocampa celtis,Asterocampa celtis,VBS:51,,Animalia,Arthropoda,Insecta,Lepidoptera,Nymphalidae,Apaturinae,Asterocampa,,celtis,,species,"(Boisduval & Le Conte, [1835])",accepted,EN,,723,"|{conservation_status:{grank:G5,srank:S1S2,sgcn:1}}",G5,S1S2,1,"|{conservation_status:{grank:G5,srank:S1S2,sgcn:1}}"
VBS:52,VBS:52,"Pelham, J. (2025). A Catalogue of the Butterflies of the United States and Canada. Revised Oct. 2025. ",Asterocampa clyton,Asterocampa clyton,VBS:52,,Animalia,Arthropoda,Insecta,Lepidoptera,Nymphalidae,Apaturinae,Asterocampa,,clyton,,species,"(Boisduval & Le Conte, [1835])",accepted,EN,,725,"|{conservation_status:{grank:G5,srank:S1S2,sgcn:1}}",G5,S1S2,1,"|{conservation_status:{grank:G5,srank:S1S2,sgcn:1}}"
VBS:53,VBS:53,"Pelham, J. (2025). A Catalogue of the Butterflies of the United States and Canada. Revised Oct. 2025. ",Vanessa virginiensis,Vanessa virginiensis,VBS:53,,Animalia,Arthropoda,Insecta,Lepidoptera,Nymphalidae,Nymphalinae,Vanessa,Vanessa,virginiensis,,species,"(Drury, 1773)",accepted,EN,,769,"|{conservation_status:{grank:,srank:S5B,sgcn:}}",,S5B,,"|{conservation_status:{grank:,srank:S5B,sgcn:}}"
VBS:54,VBS:54,"Pelham, J. (2025). A Catalogue of the Butterflies of the United States and Canada. Revised Oct. 2025. ",Vanessa cardui,Vanessa cardui,VBS:54,,Animalia,Arthropoda,Insecta,Lepidoptera,Nymphalidae,Nymphalinae,Vanessa,Vanessa,cardui,,species,"(Linnaeus, 1758)",accepted,EN,,770,"|{conservation_status:{grank:,srank:S5B,sgcn:}}",,S5B,,"|{conservation_status:{grank:,srank:S5B,sgcn:}}"
VBS:55,VBS:55,"Pelham, J. (2025). A Catalogue of the Butterflies of the United States and Canada. Revised Oct. 2025. ",Vanessa atalanta,Vanessa atalanta,VBS:55,,Animalia,Arthropoda,Insecta,Lepidoptera,Nymphalidae,Nymphalinae,Vanessa,Vanessa,atalanta,,species,"(Linnaeus, 1758)",accepted,EN,,771,"|{conservation_status:{grank:,srank:S5B,sgcn:}}",,S5B,,"|{conservation_status:{grank:,srank:S5B,sgcn:}}"
VBS:56,VBS:56,"Pelham, J. (2025). A Catalogue of the Butterflies of the United States and Canada. Revised Oct. 2025. ",Aglais milberti,Aglais milberti,VBS:56,,Animalia,Arthropoda,Insecta,Lepidoptera,Nymphalidae,Nymphalinae,Aglais,,milberti,,species,"(Godart, 1819)",accepted,EN,,755,"|{conservation_status:{grank:,srank:S5,sgcn:}}",,S5,,"|{conservation_status:{grank:,srank:S5,sgcn:}}"
VBS:56.1,VBS:56.1,"Pelham, J. (2025). A Catalogue of the Butterflies of the United States and Canada. Revised Oct. 2025. ",Aglais io,Aglais io,VBS:56.1,,Animalia,Arthropoda,Insecta,Lepidoptera,Nymphalidae,Nymphalinae,Aglais,,io,,species,"(Linnaeus, 1758)",accepted,EN,https://www.inaturalist.org/observations/137682387,756,"|{conservation_status:{grank:,srank:SNA,sgcn:}}",,SNA,,"|{conservation_status:{grank:,srank:SNA,sgcn:}}"
VBS:57,VBS:57,"Pelham, J. (2025). A Catalogue of the Butterflies of the United States and Canada. Revised Oct. 2025. ",Nymphalis l-album,Nymphalis l-album,VBS:57,,Animalia,Arthropoda,Insecta,Lepidoptera,Nymphalidae,Nymphalinae,Nymphalis,,l-album,,species,"(Esper, 1781)",accepted,EN,,757,"|{conservation_status:{grank:,srank:S5,sgcn:}}",,S5,,"|{conservation_status:{grank:,srank:S5,sgcn:}}"
VBS:123,VBS:123,,Polygonia vaualbum,Nymphalis l-album,VBS:57,,Animalia,Arthropoda,Insecta,Lepidoptera,Nymphalidae,,Polygonia,,vaualbum,,species,"Denis & Schiffermüller, 1775",synonym,EN,,,"|{conservation_status:{grank:,srank:,sgcn:}}",,,,"|{conservation_status:{grank:,srank:,sgcn:}}"
VBS:58,VBS:58,"Pelham, J. (2025). A Catalogue of the Butterflies of the United States and Canada. Revised Oct. 2025. ",Nymphalis californica,Nymphalis californica,VBS:58,,Animalia,Arthropoda,Insecta,Lepidoptera,Nymphalidae,Nymphalinae,Nymphalis,,californica,,species,"(Boisduval, 1852)",accepted,EN,,758,"|{conservation_status:{grank:,srank:SNA,sgcn:}}",,SNA,,"|{conservation_status:{grank:,srank:SNA,sgcn:}}"
VBS:59,VBS:59,"Pelham, J. (2025). A Catalogue of the Butterflies of the United States and Canada. Revised Oct. 2025. ",Nymphalis antiopa,Nymphalis antiopa,VBS:59,,Animalia,Arthropoda,Insecta,Lepidoptera,Nymphalidae,Nymphalinae,Nymphalis,,antiopa,,species,"(Linnaeus, 1758)",accepted,EN,,759,"|{conservation_status:{grank:,srank:S5,sgcn:}}",,S5,,"|{conservation_status:{grank:,srank:S5,sgcn:}}"
VBS:60,VBS:60,"Pelham, J. (2025). A Catalogue of the Butterflies of the United States and Canada. Revised Oct. 2025. ",Polygonia interrogationis,Polygonia interrogationis,VBS:60,,Animalia,Arthropoda,Insecta,Lepidoptera,Nymphalidae,Nymphalinae,Polygonia,,interrogationis,,species,"(Fabricius, 1798)",accepted,EN,,760,"|{conservation_status:{grank:,srank:S5,sgcn:}}",,S5,,"|{conservation_status:{grank:,srank:S5,sgcn:}}"
VBS:61,VBS:61,"Pelham, J. (2025). A Catalogue of the Butterflies of the United States and Canada. Revised Oct. 2025. ",Polygonia comma,Polygonia comma,VBS:61,,Animalia,Arthropoda,Insecta,Lepidoptera,Nymphalidae,Nymphalinae,Polygonia,,comma,,species,"(T. Harris, 1841)",accepted,EN,,761,"|{conservation_status:{grank:,srank:S5,sgcn:}}",,S5,,"|{conservation_status:{grank:,srank:S5,sgcn:}}"
VBS:62,VBS:62,"Pelham, J. (2025). A Catalogue of the Butterflies of the United States and Canada. Revised Oct. 2025. ",Polygonia progne,Polygonia progne,VBS:62,,Animalia,Arthropoda,Insecta,Lepidoptera,Nymphalidae,Nymphalinae,Polygonia,,progne,,species,"(Cramer, 1775)",accepted,EN,,763,"|{conservation_status:{grank:,srank:S5,sgcn:}}",,S5,,"|{conservation_status:{grank:,srank:S5,sgcn:}}"
VBS:63,VBS:63,"Pelham, J. (2025). A Catalogue of the Butterflies of the United States and Canada. Revised Oct. 2025. ",Polygonia faunus,Polygonia faunus,VBS:63,,Animalia,Arthropoda,Insecta,Lepidoptera,Nymphalidae,Nymphalinae,Polygonia,,faunus,,species,"(W. H. Edwards, 1862)",accepted,EN,,767,"|{conservation_status:{grank:,srank:S5,sgcn:}}",,S5,,"|{conservation_status:{grank:,srank:S5,sgcn:}}"
VBS:64,VBS:64,"Pelham, J. (2025). A Catalogue of the Butterflies of the United States and Canada. Revised Oct. 2025. ",Junonia coenia,Junonia coenia,VBS:64,,Animalia,Arthropoda,Insecta,Lepidoptera,Nymphalidae,Nymphalinae,Junonia,,coenia,,species,"Hübner, [1822]",accepted,EN,,778,"|{conservation_status:{grank:,srank:SNA,sgcn:}}",,SNA,,"|{conservation_status:{grank:,srank:SNA,sgcn:}}"
VBS:65,VBS:65,"Pelham, J. (2025). A Catalogue of the Butterflies of the United States and Canada. Revised Oct. 2025. ",Euphydryas phaeton,Euphydryas phaeton,VBS:65,,Animalia,Arthropoda,Insecta,Lepidoptera,Nymphalidae,Nymphalinae,Euphydryas,Hypodryas,phaeton,,species,"(Drury, 1773)",accepted,EN,,787,"|{conservation_status:{grank:,srank:S4,sgcn:}}",,S4,,"|{conservation_status:{grank:,srank:S4,sgcn:}}"
VBS:66,VBS:66,"Pelham, J. (2025). A Catalogue of the Butterflies of the United States and Canada. Revised Oct. 2025. ",Chlosyne nycteis,Chlosyne nycteis,VBS:66,,Animalia,Arthropoda,Insecta,Lepidoptera,Nymphalidae,Nymphalinae,Chlosyne,,nycteis,,species,"(E. Doubleday, 1847)",accepted,EN,,809,"|{conservation_status:{grank:G5,srank:S1,sgcn:1}}",G5,S1,1,"|{conservation_status:{grank:G5,srank:S1,sgcn:1}}"
VBS:67,VBS:67,"Pelham, J. (2025). A Catalogue of the Butterflies of the United States and Canada. Revised Oct. 2025. ",Chlosyne harrisii,Chlosyne harrisii,VBS:67,,Animalia,Arthropoda,Insecta,Lepidoptera,Nymphalidae,Nymphalinae,Chlosyne,,harrisii,,species,"(Scudder, 1863)",accepted,EN,,810,"|{conservation_status:{grank:,srank:S4,sgcn:}}",,S4,,"|{conservation_status:{grank:,srank:S4,sgcn:}}"
VBS:68,VBS:68,"Pelham, J. (2025). A Catalogue of the Butterflies of the United States and Canada. Revised Oct. 2025. ",Phyciodes tharos,Phyciodes tharos,VBS:68,,Animalia,Arthropoda,Insecta,Lepidoptera,Nymphalidae,Nymphalinae,Phyciodes,,tharos,,species,"(Drury, 1773)",accepted,EN,,838,"|{conservation_status:{grank:,srank:S5,sgcn:}}",,S5,,"|{conservation_status:{grank:,srank:S5,sgcn:}}"
VBS:69,VBS:69,"Pelham, J. (2025). A Catalogue of the Butterflies of the United States and Canada. Revised Oct. 2025. ",Phyciodes cocyta,Phyciodes cocyta,VBS:69,,Animalia,Arthropoda,Insecta,Lepidoptera,Nymphalidae,Nymphalinae,Phyciodes,,cocyta,,species,"(Cramer, 1777)",accepted,EN,,841,"|{conservation_status:{grank:,srank:S5,sgcn:}}",,S5,,"|{conservation_status:{grank:,srank:S5,sgcn:}}"
VBS:69.1,VBS:69.1,"Pelham, J. (2025). A Catalogue of the Butterflies of the United States and Canada. Revised Oct. 2025. ",Phyciodes diminutor,Phyciodes diminutor,VBS:69.1,,Animalia,Arthropoda,Insecta,Lepidoptera,Nymphalidae,Nymphalinae,Phyciodes,,diminutor,,species,"J. Scott, 1998",accepted,EN,,840,"|{conservation_status:{grank:,srank:SNR,sgcn:}}",,SNR,,"|{conservation_status:{grank:,srank:SNR,sgcn:}}"
VBS:69.2,VBS:69.2,,Phyciodes cocyta diminutor,Phyciodes diminutor,VBS:69.1,,Animalia,Arthropoda,Insecta,Lepidoptera,Nymphalidae,,Phyciodes,,cocyta,diminutor,subspecies,"J. Scott, 1998",synonym,EN,,,"|{conservation_status:{grank:,srank:,sgcn:}}",,,,"|{conservation_status:{grank:,srank:,sgcn:}}"
VBS:70,VBS:70,"Pelham, J. (2025). A Catalogue of the Butterflies of the United States and Canada. Revised Oct. 2025. ",Lethe anthedon,Lethe anthedon,VBS:70,,Animalia,Arthropoda,Insecta,Lepidoptera,Nymphalidae,Satyrinae,Lethe,Enodia,anthedon,,species,"(A. Clark, 1936)",accepted,EN,,858,"|{conservation_status:{grank:,srank:S4,sgcn:}}",,S4,,"|{conservation_status:{grank:,srank:S4,sgcn:}}"
VBS:126,VBS:126,,Enodia anthedon,Lethe anthedon,VBS:70,,Animalia,Arthropoda,Insecta,Lepidoptera,Nymphalidae,,Enodia,,anthedon,,species,,synonym,EN,,,"|{conservation_status:{grank:,srank:,sgcn:}}",,,,"|{conservation_status:{grank:,srank:,sgcn:}}"
VBS:71,VBS:71,"Pelham, J. (2025). A Catalogue of the Butterflies of the United States and Canada. Revised Oct. 2025. ",Lethe eurydice,Lethe eurydice,VBS:71,,Animalia,Arthropoda,Insecta,Lepidoptera,Nymphalidae,Satyrinae,Lethe,Satyrodes,eurydice,,species,"(Linnaeus, 1763)",accepted,EN,,860,"|{conservation_status:{grank:,srank:S4,sgcn:}}",,S4,,"|{conservation_status:{grank:,srank:S4,sgcn:}}"
VBS:72,VBS:72,"Pelham, J. (2025). A Catalogue of the Butterflies of the United States and Canada. Revised Oct. 2025. ",Lethe appalachia,Lethe appalachia,VBS:72,,Animalia,Arthropoda,Insecta,Lepidoptera,Nymphalidae,Satyrinae,Lethe,Satyrodes,appalachia,,species,"R. Chemock, 1947",accepted,EN,,861,"|{conservation_status:{grank:,srank:S1S2,sgcn:}}",,S1S2,,"|{conservation_status:{grank:,srank:S1S2,sgcn:}}"
VBS:73,VBS:73,"Pelham, J. (2025). A Catalogue of the Butterflies of the United States and Canada. Revised Oct. 2025. ",Coenonympha california,Coenonympha california,VBS:73,,Animalia,Arthropoda,Insecta,Lepidoptera,Nymphalidae,Satyrinae,Coenonympha,,california,,species,"Westwood, [1851]",accepted,EN,,856,"|{conservation_status:{grank:,srank:S5,sgcn:}}",,S5,,"|{conservation_status:{grank:,srank:S5,sgcn:}}"
VBS:119,VBS:119,,Coenonympha tullia,Coenonympha california,VBS:73,,Animalia,Arthropoda,Insecta,Lepidoptera,Nymphalidae,,Coenonympha,,tullia,,species,,misapplied,EN,,,"|{conservation_status:{grank:,srank:,sgcn:}}",,,,"|{conservation_status:{grank:,srank:,sgcn:}}"
VBS:74,VBS:74,"Pelham, J. (2025). A Catalogue of the Butterflies of the United States and Canada. Revised Oct. 2025. ",Megisto cymela,Megisto cymela,VBS:74,,Animalia,Arthropoda,Insecta,Lepidoptera,Nymphalidae,Satyrinae,Megisto,,cymela,,species,"(Cramer, 1777)",accepted,EN,,868,"|{conservation_status:{grank:,srank:S5,sgcn:}}",,S5,,"|{conservation_status:{grank:,srank:S5,sgcn:}}"
VBS:127,VBS:127,,Euptychia cymela,Megisto cymela,VBS:74,,Animalia,Arthropoda,Insecta,Lepidoptera,Nymphalidae,,Euptychia,,cymela,,species,,invalid,EN,,,"|{conservation_status:{grank:,srank:,sgcn:}}",,,,"|{conservation_status:{grank:,srank:,sgcn:}}"
VBS:75,VBS:75,"Pelham, J. (2025). A Catalogue of the Butterflies of the United States and Canada. Revised Oct. 2025. ",Oeneis jutta,Oeneis jutta,VBS:75,,Animalia,Arthropoda,Insecta,Lepidoptera,Nymphalidae,Satyrinae,Oeneis,Oeneis,jutta,,species,"(Hübner, [1806])",accepted,EN,,896,"|{conservation_status:{grank:G5,srank:S1,sgcn:1}}",G5,S1,1,"|{conservation_status:{grank:G5,srank:S1,sgcn:1}}"
VBS:76,VBS:76,"Pelham, J. (2025). A Catalogue of the Butterflies of the United States and Canada. Revised Oct. 2025. ",Cercyonis pegala,Cercyonis pegala,VBS:76,,Animalia,Arthropoda,Insecta,Lepidoptera,Nymphalidae,Satyrinae,Cercyonis,,pegala,,species,"(Fabricius, 1775)",accepted,EN,,875,"|{conservation_status:{grank:,srank:S5,sgcn:}}",,S5,,"|{conservation_status:{grank:,srank:S5,sgcn:}}"
VBS:77,VBS:77,"Pelham, J. (2025). A Catalogue of the Butterflies of the United States and Canada. Revised Oct. 2025. ",Cercyonis pegala nephele,Cercyonis pegala nephele,VBS:77,VBS:76,Animalia,Arthropoda,Insecta,Lepidoptera,Nymphalidae,Satyrinae,Cercyonis,,pegala,nephele,subspecies,"(W. Kirby, 1837)",accepted,EN,,875.4,"|{conservation_status:{grank:,srank:,sgcn:}}",,,,"|{conservation_status:{grank:,srank:,sgcn:}}"
VBS:78,VBS:78,"Pelham, J. (2025). A Catalogue of the Butterflies of the United States and Canada. Revised Oct. 2025. ",Cercyonis pegala pegala,Cercyonis pegala pegala,VBS:78,VBS:76,Animalia,Arthropoda,Insecta,Lepidoptera,Nymphalidae,Satyrinae,Cercyonis,,pegala,pegala,subspecies,"(Fabricius, 1775)",accepted,EN,,875.1,"|{conservation_status:{grank:,srank:,sgcn:}}",,,,"|{conservation_status:{grank:,srank:,sgcn:}}"
VBS:79,VBS:79,"Pelham, J. (2025). A Catalogue of the Butterflies of the United States and Canada. Revised Oct. 2025. ",Epargyreus clarus,Epargyreus clarus,VBS:79,,Animalia,Arthropoda,Insecta,Lepidoptera,Hesperiidae,Eudaminae,Epargyreus,,clarus,,species,"(Cramer, 1775)",accepted,EN,,42,"|{conservation_status:{grank:,srank:S5,sgcn:}}",,S5,,"|{conservation_status:{grank:,srank:S5,sgcn:}}"
VBS:80,VBS:80,"Pelham, J. (2025). A Catalogue of the Butterflies of the United States and Canada. Revised Oct. 2025. ",Urbanus proteus,Urbanus proteus,VBS:80,,Animalia,Arthropoda,Insecta,Lepidoptera,Hesperiidae,Eudaminae,Urbanus,,proteus,,species,"(Linnaeus, 1758)",accepted,EN,,27,"|{conservation_status:{grank:,srank:SNA,sgcn:}}",,SNA,,"|{conservation_status:{grank:,srank:SNA,sgcn:}}"
VBS:82,VBS:82,"Pelham, J. (2025). A Catalogue of the Butterflies of the United States and Canada. Revised Oct. 2025. ",Thorybes pylades,Thorybes pylades,VBS:82,,Animalia,Arthropoda,Insecta,Lepidoptera,Hesperiidae,Eudaminae,Thorybes,,pylades,,species,"(Scudder, 1870)",accepted,EN,,15,"|{conservation_status:{grank:,srank:S5,sgcn:}}",,S5,,"|{conservation_status:{grank:,srank:S5,sgcn:}}"
VBS:82.1,VBS:82.1,,Cecropterus pylades,Thorybes pylades,VBS:82,,Animalia,Arthropoda,Insecta,Lepidoptera,Hesperiidae,,Cecropterus,,pylades,,species,"(Scudder, 1870)",synonym,EN,,,"|{conservation_status:{grank:,srank:,sgcn:}}",,,,"|{conservation_status:{grank:,srank:,sgcn:}}"
VBS:83,VBS:83,"Pelham, J. (2025). A Catalogue of the Butterflies of the United States and Canada. Revised Oct. 2025. ",Pholisora catullus,Pholisora catullus,VBS:83,,Animalia,Arthropoda,Insecta,Lepidoptera,Hesperiidae,Pyrginae,Pholisora,,catullus,,species,"(Fabricius, 1793)",accepted,EN,,79,"|{conservation_status:{grank:,srank:S1,sgcn:}}",,S1,,"|{conservation_status:{grank:,srank:S1,sgcn:}}"
VBS:84,VBS:84,"Pelham, J. (2025). A Catalogue of the Butterflies of the United States and Canada. Revised Oct. 2025. ",Erynnis icelus,Erynnis icelus,VBS:84,,Animalia,Arthropoda,Insecta,Lepidoptera,Hesperiidae,Pyrginae,Erynnis,Erynnis,icelus,,species,"(Scudder & Burgess, 1870)",accepted,EN,,125,"|{conservation_status:{grank:,srank:S5,sgcn:}}",,S5,,"|{conservation_status:{grank:,srank:S5,sgcn:}}"
VBS:85,VBS:85,"Pelham, J. (2025). A Catalogue of the Butterflies of the United States and Canada. Revised Oct. 2025. ",Erynnis juvenalis,Erynnis juvenalis,VBS:85,,Animalia,Arthropoda,Insecta,Lepidoptera,Hesperiidae,Pyrginae,Erynnis,Gesta,juvenalis,,species,"(Fabricius, 1793)",accepted,EN,,133,"|{conservation_status:{grank:,srank:S5,sgcn:}}",,S5,,"|{conservation_status:{grank:,srank:S5,sgcn:}}"
VBS:85.1,VBS:85.1,,Gesta juvenalis,Erynnis juvenalis,VBS:85,,Animalia,Arthropoda,Insecta,Lepidoptera,Hesperiidae,,Gesta,,juvenalis,,species,"(Fabricius, 1793)",synonym,EN,,,"|{conservation_status:{grank:,srank:,sgcn:}}",,,,"|{conservation_status:{grank:,srank:,sgcn:}}"
VBS:86,VBS:86,"Pelham, J. (2025). A Catalogue of the Butterflies of the United States and Canada. Revised Oct. 2025. ",Erynnis horatius,Erynnis horatius,VBS:86,,Animalia,Arthropoda,Insecta,Lepidoptera,Hesperiidae,Pyrginae,Erynnis,Gesta,horatius,,species,"(Scudder & Burgess, 1870)",accepted,EN,,137,"|{conservation_status:{grank:,srank:SU,sgcn:}}",,SU,,"|{conservation_status:{grank:,srank:SU,sgcn:}}"
VBS:86.1,VBS:86.1,,Gesta horatius,Erynnis horatius,VBS:86,,Animalia,Arthropoda,Insecta,Lepidoptera,Hesperiidae,,Gesta,,horatius,,species,"(Scudder & Burgess, 1870)",synonym,EN,,,"|{conservation_status:{grank:,srank:,sgcn:}}",,,,"|{conservation_status:{grank:,srank:,sgcn:}}"
VBS:87,VBS:87,"Pelham, J. (2025). A Catalogue of the Butterflies of the United States and Canada. Revised Oct. 2025. ",Erynnis baptisiae,Erynnis baptisiae,VBS:87,,Animalia,Arthropoda,Insecta,Lepidoptera,Hesperiidae,Pyrginae,Erynnis,Gesta,baptisiae,,species,"(W. Forbes, 1936)",accepted,EN,,142,"|{conservation_status:{grank:,srank:S5,sgcn:}}",,S5,,"|{conservation_status:{grank:,srank:S5,sgcn:}}"
VBS:87.1,VBS:87.1,,Gesta baptisiae,Erynnis baptisiae,VBS:87,,Animalia,Arthropoda,Insecta,Lepidoptera,Hesperiidae,,Gesta,,baptisiae,,species,"(W. Forbes, 1936)",synonym,EN,,,"|{conservation_status:{grank:,srank:,sgcn:}}",,,,"|{conservation_status:{grank:,srank:,sgcn:}}"
VBS:88,VBS:88,"Pelham, J. (2025). A Catalogue of the Butterflies of the United States and Canada. Revised Oct. 2025. ",Erynnis lucilius,Erynnis lucilius,VBS:88,,Animalia,Arthropoda,Insecta,Lepidoptera,Hesperiidae,Pyrginae,Erynnis,Gesta,lucillius,,species,"(Scudder & Burgess, 1870)",accepted,EN,,143,"|{conservation_status:{grank:,srank:SU,sgcn:}}",,SU,,"|{conservation_status:{grank:,srank:SU,sgcn:}}"
VBS:88.1,VBS:88.1,,Gesta lucilius,Erynnis lucilius,VBS:88,,Animalia,Arthropoda,Insecta,Lepidoptera,Hesperiidae,,Gesta,,lucillius,,species,"(Scudder & Burgess, 1870)",synonym,EN,,,"|{conservation_status:{grank:,srank:,sgcn:}}",,,,"|{conservation_status:{grank:,srank:,sgcn:}}"
VBS:89,VBS:89,"Pelham, J. (2025). A Catalogue of the Butterflies of the United States and Canada. Revised Oct. 2025. ",Erynnis persius,Erynnis persius,VBS:89,,Animalia,Arthropoda,Insecta,Lepidoptera,Hesperiidae,Pyrginae,Erynnis,Gesta,persius,,species,"(Scudder, 1863)",accepted,EN,,145,"|{conservation_status:{grank:,srank:SH,sgcn:}}",,SH,,"|{conservation_status:{grank:,srank:SH,sgcn:}}"
VBS:89.1,VBS:89.1,,Gesta persius,Erynnis persius,VBS:89,,Animalia,Arthropoda,Insecta,Lepidoptera,Hesperiidae,,Gesta,,persius,,species,"(Scudder, 1863)",synonym,EN,,,"|{conservation_status:{grank:,srank:,sgcn:}}",,,,"|{conservation_status:{grank:,srank:,sgcn:}}"
VBS:90,VBS:90,,Pyrgus communis,Burnsius communis,VBS:90.1,,Animalia,Arthropoda,Insecta,Lepidoptera,Hesperiidae,,Pyrgus,,communis,,species,"(Grote, 1872)",synonym,EN,,,"|{conservation_status:{grank:,srank:,sgcn:}}",,,,"|{conservation_status:{grank:,srank:,sgcn:}}"
VBS:90.1,VBS:90.1,"Pelham, J. (2025). A Catalogue of the Butterflies of the United States and Canada. Revised Oct. 2025. ",Burnsius communis,Burnsius communis,VBS:90.1,,Animalia,Arthropoda,Insecta,Lepidoptera,Hesperiidae,Pyrginae,Burnsius,,communis,,species,"(Grote, 1872)",accepted,EN,,106,"|{conservation_status:{grank:,srank:SNA,sgcn:}}",,SNA,,"|{conservation_status:{grank:,srank:SNA,sgcn:}}"
VBS:91,VBS:91,,Carterocephalus palaemon,Carterocephalus mandan ,VBS:91.1,,Animalia,Arthropoda,Insecta,Lepidoptera,Hesperiidae,,Carterocephalus,,palaemon,,species,"Pallas, 1771",synonym,EN,,,"|{conservation_status:{grank:,srank:,sgcn:}}",,,,"|{conservation_status:{grank:,srank:,sgcn:}}"
VBS:91.1,VBS:91.1,"Pelham, J. (2025). A Catalogue of the Butterflies of the United States and Canada. Revised Oct. 2025. ",Carterocephalus mandan ,Carterocephalus mandan ,VBS:91.1,,Animalia,Arthropoda,Insecta,Lepidoptera,Hesperiidae,Heteropterinae,Carterocephalus,,mandan,,species,"(W. H. Edwards, 1863)",accepted,EN,,146,"|{conservation_status:{grank:,srank:S5,sgcn:}}",,S5,,"|{conservation_status:{grank:,srank:S5,sgcn:}}"
VBS:92,VBS:92,"Pelham, J. (2025). A Catalogue of the Butterflies of the United States and Canada. Revised Oct. 2025. ",Ancyloxypha numitor,Ancyloxypha numitor,VBS:92,,Animalia,Arthropoda,Insecta,Lepidoptera,Hesperiidae,Hesperiinae,Ancyloxypha,,numitor,,species,"(Fabricius, 1793)",accepted,EN,,305,"|{conservation_status:{grank:,srank:S5,sgcn:}}",,S5,,"|{conservation_status:{grank:,srank:S5,sgcn:}}"
VBS:93,VBS:93,"Pelham, J. (2025). A Catalogue of the Butterflies of the United States and Canada. Revised Oct. 2025. ",Thymelicus lineola,Thymelicus lineola,VBS:93,,Animalia,Arthropoda,Insecta,Lepidoptera,Hesperiidae,Hesperiinae,Thymelicus,,lineola,,species,"(Ochsenheimer, 1808)",accepted,EN,,290,"|{conservation_status:{grank:,srank:SNA,sgcn:}}",,SNA,,"|{conservation_status:{grank:,srank:SNA,sgcn:}}"
VBS:94,VBS:94,"Pelham, J. (2025). A Catalogue of the Butterflies of the United States and Canada. Revised Oct. 2025. ",Amblyscirtes hegon,Amblyscirtes hegon,VBS:94,,Animalia,Arthropoda,Insecta,Lepidoptera,Hesperiidae,Hesperiinae,Amblyscirtes,Stomyles ,hegon,,species,"(Scudder, 1863)",accepted,EN,,246,"|{conservation_status:{grank:,srank:S4,sgcn:}}",,S4,,"|{conservation_status:{grank:,srank:S4,sgcn:}}"
VBS:129,VBS:129,,Mastor hegon,Amblyscirtes hegon,VBS:94,,Animalia,Arthropoda,Insecta,Lepidoptera,Hesperiidae,,Mastor,,hegon,,species,"Scudder, 1863",invalid,EN,,,"|{conservation_status:{grank:,srank:,sgcn:}}",,,,"|{conservation_status:{grank:,srank:,sgcn:}}"
VBS:95,VBS:95,"Pelham, J. (2025). A Catalogue of the Butterflies of the United States and Canada. Revised Oct. 2025. ",Amblyscirtes vialis,Amblyscirtes vialis,VBS:95,,Animalia,Arthropoda,Insecta,Lepidoptera,Hesperiidae,Hesperiinae,Amblyscirtes,Amblyscirtes,vialis,,species,"(W. H. Edwards, 1862)",accepted,EN,,253,"|{conservation_status:{grank:,srank:S4,sgcn:}}",,S4,,"|{conservation_status:{grank:,srank:S4,sgcn:}}"
VBS:132,VBS:132,,Mastor vialis,Amblyscirtes vialis,VBS:95,,Animalia,Arthropoda,Insecta,Lepidoptera,Hesperiidae,,Mastor,,vialis,,species,"Edwards, 1862",invalid,EN,,,"|{conservation_status:{grank:,srank:,sgcn:}}",,,,"|{conservation_status:{grank:,srank:,sgcn:}}"
VBS:96,VBS:96,"Pelham, J. (2025). A Catalogue of the Butterflies of the United States and Canada. Revised Oct. 2025. ",Hylephila phyleus,Hylephila phyleus,VBS:96,,Animalia,Arthropoda,Insecta,Lepidoptera,Hesperiidae,Hesperiinae,Hylephila,,phyleus,,species,"(Drury, 1773)",accepted,EN,,172,"|{conservation_status:{grank:,srank:SNA,sgcn:}}",,SNA,,"|{conservation_status:{grank:,srank:SNA,sgcn:}}"
VBS:97,VBS:97,,Hesperia comma,Hesperia colorado,VBS:97.1,,Animalia,Arthropoda,Insecta,Lepidoptera,Hesperiidae,,Hesperia,,comma,,species,"Linnaeus, 1758",misapplied,EN,,,"|{conservation_status:{grank:,srank:,sgcn:}}",,,,"|{conservation_status:{grank:,srank:,sgcn:}}"
VBS:97.1,VBS:97.1,"Pelham, J. (2025). A Catalogue of the Butterflies of the United States and Canada. Revised Oct. 2025. ",Hesperia colorado,Hesperia colorado,VBS:97.1,,Animalia,Arthropoda,Insecta,Lepidoptera,Hesperiidae,Hesperiinae,Hesperia,,colorado,,species,"(Scudder, 1874) ",accepted,EN,,195,"|{conservation_status:{grank:G5,srank:S4,sgcn:1}}",G5,S4,1,"|{conservation_status:{grank:G5,srank:S4,sgcn:1}}"
VBS:97.1.1,VBS:97.1.1,"Pelham, J. (2025). A Catalogue of the Butterflies of the United States and Canada. Revised Oct. 2025. ",Hesperia colorado larrentina,Hesperia colorado larrentina,VBS:97.1.1,VBS:97.1,Animalia,Arthropoda,Insecta,Lepidoptera,Hesperiidae,Hesperiinae,Hesperia,,colorado,laurentina,subspecies,"(Lyman, 1892)",accepted,EN,,195.1,"|{conservation_status:{grank:,srank:,sgcn:}}",,,,"|{conservation_status:{grank:,srank:,sgcn:}}"
VBS:98,VBS:98,"Pelham, J. (2025). A Catalogue of the Butterflies of the United States and Canada. Revised Oct. 2025. ",Hesperia leonardus,Hesperia leonardus,VBS:98,,Animalia,Arthropoda,Insecta,Lepidoptera,Hesperiidae,Hesperiinae,Hesperia,,leonardus,,species,"T. Harris, 1862",accepted,EN,,203,"|{conservation_status:{grank:,srank:S4,sgcn:}}",,S4,,"|{conservation_status:{grank:,srank:S4,sgcn:}}"
VBS:99,VBS:99,"Pelham, J. (2025). A Catalogue of the Butterflies of the United States and Canada. Revised Oct. 2025. ",Hesperia metea,Hesperia metea,VBS:99,,Animalia,Arthropoda,Insecta,Lepidoptera,Hesperiidae,Hesperiinae,Hesperia,,metea,,species,"Scudder, 1863",accepted,EN,,208,"|{conservation_status:{grank:G4,srank:S1,sgcn:1}}",G4,S1,1,"|{conservation_status:{grank:G4,srank:S1,sgcn:1}}"
VBS:100,VBS:100,"Pelham, J. (2025). A Catalogue of the Butterflies of the United States and Canada. Revised Oct. 2025. ",Hesperia sassacus,Hesperia sassacus,VBS:100,,Animalia,Arthropoda,Insecta,Lepidoptera,Hesperiidae,Hesperiinae,Hesperia,,sassacus,,species,"T. Harris, 1862",accepted,EN,,212,"|{conservation_status:{grank:,srank:S5,sgcn:}}",,S5,,"|{conservation_status:{grank:,srank:S5,sgcn:}}"
VBS:101,VBS:101,,Polites peckius,Polites coras,VBS:101.1,,Animalia,Arthropoda,Insecta,Lepidoptera,Hesperiidae,,Polites,,peckius,,species,"W. Kirby, 1837",synonym,EN,,,"|{conservation_status:{grank:,srank:,sgcn:}}",,,,"|{conservation_status:{grank:,srank:,sgcn:}}"
VBS:101.1,VBS:101.1,"Pelham, J. (2025). A Catalogue of the Butterflies of the United States and Canada. Revised Oct. 2025. ",Polites coras,Polites coras,VBS:101.1,,Animalia,Arthropoda,Insecta,Lepidoptera,Hesperiidae,Hesperiinae,Polites,Polites,coras,,species,"(Cramer, 1775)",accepted,EN,,179,"|{conservation_status:{grank:,srank:S5,sgcn:}}",,S5,,"|{conservation_status:{grank:,srank:S5,sgcn:}}"
VBS:102,VBS:102,"Pelham, J. (2025). A Catalogue of the Butterflies of the United States and Canada. Revised Oct. 2025. ",Polites themistocles,Polites themistocles,VBS:102,,Animalia,Arthropoda,Insecta,Lepidoptera,Hesperiidae,Hesperiinae,Polites,Polites,themistocles,,species,"(Latreille, [1824])",accepted,EN,,178,"|{conservation_status:{grank:,srank:S5,sgcn:}}",,S5,,"|{conservation_status:{grank:,srank:S5,sgcn:}}"
VBS:103,VBS:103,"Pelham, J. (2025). A Catalogue of the Butterflies of the United States and Canada. Revised Oct. 2025. ",Polites origenes,Polites origenes,VBS:103,,Animalia,Arthropoda,Insecta,Lepidoptera,Hesperiidae,Hesperiinae,Polites,Limochores,origenes,,species,"Fabricius, 1793",accepted,EN,,175,"|{conservation_status:{grank:,srank:S3,sgcn:}}",,S3,,"|{conservation_status:{grank:,srank:S3,sgcn:}}"
VBS:103.1,VBS:103.1,,Limochores origenes,Polites origenes,VBS:103,,Animalia,Arthropoda,Insecta,Lepidoptera,Hesperiidae,,Limochores,,origenes,,species,"Fabricius, 1793",synonym,EN,,,"|{conservation_status:{grank:,srank:,sgcn:}}",,,,"|{conservation_status:{grank:,srank:,sgcn:}}"
VBS:104,VBS:104,"Pelham, J. (2025). A Catalogue of the Butterflies of the United States and Canada. Revised Oct. 2025. ",Polites mystic,Polites mystic,VBS:104,,Animalia,Arthropoda,Insecta,Lepidoptera,Hesperiidae,Hesperiinae,Polites,Limochores,mystic,,species,"(W. H. Edwards, 1863)",accepted,EN,,177,"|{conservation_status:{grank:,srank:S5,sgcn:}}",,S5,,"|{conservation_status:{grank:,srank:S5,sgcn:}}"
VBS:104.1,VBS:104.1,,Limochores mystic,Polites mystic,VBS:104,,Animalia,Arthropoda,Insecta,Lepidoptera,Hesperiidae,,Limochores,,mystic,,species,"W. H. Edwards, 1863",synonym,EN,,,"|{conservation_status:{grank:,srank:,sgcn:}}",,,,"|{conservation_status:{grank:,srank:,sgcn:}}"
VBS:105,VBS:105,,Wallengrenia egeremet,Polites egeremet,VBS:105.1,,Animalia,Arthropoda,Insecta,Lepidoptera,Hesperiidae,,Wallengrenia,,egeremet,,species,"Scudder, 1863",synonym,EN,,,"|{conservation_status:{grank:,srank:,sgcn:}}",,,,"|{conservation_status:{grank:,srank:,sgcn:}}"
VBS:105.1,VBS:105.1,"Pelham, J. (2025). A Catalogue of the Butterflies of the United States and Canada. Revised Oct. 2025. ",Polites egeremet,Polites egeremet,VBS:105.1,,Animalia,Arthropoda,Insecta,Lepidoptera,Hesperiidae,Hesperiinae,Polites,Wallengrenia,egeremet,,species,"Scudder, 1863",accepted,EN,,187,"|{conservation_status:{grank:,srank:S5,sgcn:}}",,S5,,"|{conservation_status:{grank:,srank:S5,sgcn:}}"
VBS:136,VBS:136,,Wallengrenia otho egeremet,Polites egeremet,VBS:105.1,,Animalia,Arthropoda,Insecta,Lepidoptera,Hesperiidae,,Wallengrenia,,otho,egeremet,subspecies,"J.E.Smith, 1797",synonym,EN,,,"|{conservation_status:{grank:,srank:,sgcn:}}",,,,"|{conservation_status:{grank:,srank:,sgcn:}}"
VBS:106,VBS:106,,Pompeius verna,Vernia verna,VBS:106.1,,Animalia,Arthropoda,Insecta,Lepidoptera,Hesperiidae,,Pompeius,,verna,,species,"W. H. Edwards, 1862",synonym,EN,,,"|{conservation_status:{grank:,srank:,sgcn:}}",,,,"|{conservation_status:{grank:,srank:,sgcn:}}"
VBS:106.1,VBS:106.1,"Pelham, J. (2025). A Catalogue of the Butterflies of the United States and Canada. Revised Oct. 2025. ",Vernia verna,Vernia verna,VBS:106.1,,Animalia,Arthropoda,Insecta,Lepidoptera,Hesperiidae,Hesperiinae,Vernia,,verna,,species,"(W. H. Edwards, 1862)",accepted,EN,,190,"|{conservation_status:{grank:,srank:S5,sgcn:}}",,S5,,"|{conservation_status:{grank:,srank:S5,sgcn:}}"
VBS:106.8,VBS:106.8,"Pelham, J. (2025). A Catalogue of the Butterflies of the United States and Canada. Revised Oct. 2025. ",Atalopedes huron,Atalopedes huron,VBS:106.8,,Animalia,Arthropoda,Insecta,Lepidoptera,Hesperiidae,Hesperiinae,Atalopedes,,huron,,species,"W. H. Edwards, 1863",accepted,EN,,192,"|{conservation_status:{grank:,srank:SNA,sgcn:}}",,SNA,,"|{conservation_status:{grank:,srank:SNA,sgcn:}}"
VBS:106.9,VBS:106.9,,Atalopedes campestris,Atalopedes huron,VBS:106.8,,Animalia,Arthropoda,Insecta,Lepidoptera,Hesperiidae,,Atalopedes,,campestris,,species,"(Boisduval, 1852)",misapplied,EN,,,"|{conservation_status:{grank:,srank:,sgcn:}}",,,,"|{conservation_status:{grank:,srank:,sgcn:}}"
VBS:107,VBS:107,,Poanes hobomok,Lon hobomok,VBS:107.1,,Animalia,Arthropoda,Insecta,Lepidoptera,Hesperiidae,,Poanes,,hobomok,,species,"T. Harris, 1862",synonym,EN,,,"|{conservation_status:{grank:,srank:,sgcn:}}",,,,"|{conservation_status:{grank:,srank:,sgcn:}}"
VBS:107.1,VBS:107.1,"Pelham, J. (2025). A Catalogue of the Butterflies of the United States and Canada. Revised Oct. 2025. ",Lon hobomok,Lon hobomok,VBS:107.1,,Animalia,Arthropoda,Insecta,Lepidoptera,Hesperiidae,Hesperiinae,Lon,,hobomok,,species,"(T. Harris, 1862)",accepted,EN,,222,"|{conservation_status:{grank:,srank:S5,sgcn:}}",,S5,,"|{conservation_status:{grank:,srank:S5,sgcn:}}"
VBS:107.5,VBS:107.5,"Pelham, J. (2025). A Catalogue of the Butterflies of the United States and Canada. Revised Oct. 2025. ",Lon zabulon,Lon zabulon,VBS:107.5,,Animalia,Arthropoda,Insecta,Lepidoptera,Hesperiidae,Hesperiinae,Lon,,zabulon,,species,"(Boisduval & LeConte, [1837])",accepted,EN,,223,"|{conservation_status:{grank:,srank:SNR,sgcn:}}",,SNR,,"|{conservation_status:{grank:,srank:SNR,sgcn:}}"
VBS:108,VBS:108,"Pelham, J. (2025). A Catalogue of the Butterflies of the United States and Canada. Revised Oct. 2025. ",Poanes massasoit,Poanes massasoit,VBS:108,,Animalia,Arthropoda,Insecta,Lepidoptera,Hesperiidae,Hesperiinae,Poanes,,massasoit,,species,"(Scudder, 1863)",accepted,EN,,218,"|{conservation_status:{grank:G4,srank:S2,sgcn:1}}",G4,S2,1,"|{conservation_status:{grank:G4,srank:S2,sgcn:1}}"
VBS:109,VBS:109,"Pelham, J. (2025). A Catalogue of the Butterflies of the United States and Canada. Revised Oct. 2025. ",Poanes viator,Poanes viator,VBS:109,,Animalia,Arthropoda,Insecta,Lepidoptera,Hesperiidae,Hesperiinae,Poanes,,viator,,species,"(W. H. Edwards, 1865)",accepted,EN,,219,"|{conservation_status:{grank:,srank:S2S3,sgcn:}}",,S2S3,,"|{conservation_status:{grank:,srank:S2S3,sgcn:}}"
VBS:110,VBS:110,"Pelham, J. (2025). A Catalogue of the Butterflies of the United States and Canada. Revised Oct. 2025. ",Anatrytone logan,Anatrytone logan,VBS:110,,Animalia,Arthropoda,Insecta,Lepidoptera,Hesperiidae,Hesperiinae,Anatrytone,,logan,,species,"(W. H. Edwards, 1863)",accepted,EN,,167,"|{conservation_status:{grank:,srank:S5,sgcn:}}",,S5,,"|{conservation_status:{grank:,srank:S5,sgcn:}}"
VBS:118,VBS:118,,Atrytone delaware,Anatrytone logan,VBS:110,,Animalia,Arthropoda,Insecta,Lepidoptera,Hesperiidae,,Atrytone,,delaware,,species,"Edwards, 1863",invalid,EN,,,"|{conservation_status:{grank:,srank:,sgcn:}}",,,,"|{conservation_status:{grank:,srank:,sgcn:}}"
VBS:111,VBS:111,"Pelham, J. (2025). A Catalogue of the Butterflies of the United States and Canada. Revised Oct. 2025. ",Euphyes conspicua,Euphyes conspicua,VBS:111,,Animalia,Arthropoda,Insecta,Lepidoptera,Hesperiidae,Hesperiinae,Euphyes,,conspicua,,species,"(W. H. Edwards, 1863)",accepted,EN,,160,"|{conservation_status:{grank:G4,srank:S1,sgcn:1}}",G4,S1,1,"|{conservation_status:{grank:G4,srank:S1,sgcn:1}}"
VBS:112,VBS:112,"Pelham, J. (2025). A Catalogue of the Butterflies of the United States and Canada. Revised Oct. 2025. ",Euphyes dion,Euphyes dion,VBS:112,,Animalia,Arthropoda,Insecta,Lepidoptera,Hesperiidae,Hesperiinae,Euphyes,,dion,,species,"(W. H. Edwards, 1879)",accepted,EN,,158,"|{conservation_status:{grank:G5,srank:S2,sgcn:1}}",G5,S2,1,"|{conservation_status:{grank:G5,srank:S2,sgcn:1}}"
VBS:113,VBS:113,"Pelham, J. (2025). A Catalogue of the Butterflies of the United States and Canada. Revised Oct. 2025. ",Euphyes bimacula,Euphyes bimacula,VBS:113,,Animalia,Arthropoda,Insecta,Lepidoptera,Hesperiidae,Hesperiinae,Euphyes,,bimacula,,species,"(Grote & Robinson, 1867)",accepted,EN,,161,"|{conservation_status:{grank:G4,srank:S1S2,sgcn:1}}",G4,S1S2,1,"|{conservation_status:{grank:G4,srank:S1S2,sgcn:1}}"
VBS:114,VBS:114,"Pelham, J. (2025). A Catalogue of the Butterflies of the United States and Canada. Revised Oct. 2025. ",Euphyes vestris,Euphyes vestris,VBS:114,,Animalia,Arthropoda,Insecta,Lepidoptera,Hesperiidae,Hesperiinae,Euphyes,,vestris,,species,"(Boisduval, 1852)",accepted,EN,,163,"|{conservation_status:{grank:,srank:S5,sgcn:}}",,S5,,"|{conservation_status:{grank:,srank:S5,sgcn:}}"